1739582157200,POST,210,201
1739582157214,POST,205,201
1739582157215,POST,205,201
1739582157199,POST,220,201
1739582157214,POST,205,201
1739582157215,POST,203,201
1739582157215,POST,203,201
1739582157200,POST,218,201
1739582157200,POST,218,201
1739582157215,POST,203,201
1739582157210,POST,208,201
1739582157199,POST,219,201
1739582157200,POST,218,201
1739582157214,POST,204,201
1739582157210,POST,208,201
1739582157215,POST,203,201
1739582157199,POST,219,201
1739582157214,POST,203,201
1739582157211,POST,206,201
1739582157214,POST,203,201
1739582157214,POST,201,201
1739582157214,POST,201,201
1739582157214,POST,201,201
1739582157215,POST,200,201
1739582157214,POST,197,201
1739582157215,POST,196,201
1739582157200,POST,211,201
1739582157214,POST,196,201
1739582157212,POST,198,201
1739582157214,POST,196,201
1739582157200,POST,210,201
1739582157214,POST,209,201
1739582157420,POST,47,201
1739582157421,POST,46,201
1739582157420,POST,47,201
1739582157422,POST,45,201
1739582157422,POST,60,201
1739582157422,POST,60,201
1739582157420,POST,62,201
1739582157423,POST,61,201
1739582157420,POST,64,201
1739582157422,POST,62,201
1739582157421,POST,68,201
1739582157422,POST,67,201
1739582157421,POST,68,201
1739582157421,POST,69,201
1739582157420,POST,69,201
1739582157423,POST,67,201
1739582157424,POST,66,201
1739582157422,POST,67,201
1739582157420,POST,71,201
1739582157421,POST,70,201
1739582157423,POST,69,201
1739582157421,POST,71,201
1739582157423,POST,70,201
1739582157423,POST,72,201
1739582157424,POST,78,201
1739582157423,POST,79,201
1739582157423,POST,82,201
1739582157423,POST,82,201
1739582157423,POST,82,201
1739582157422,POST,84,201
1739582157422,POST,84,201
1739582157421,POST,100,201
1739582157467,POST,60,201
1739582157467,POST,73,201
1739582157489,POST,54,201
1739582157467,POST,76,201
1739582157482,POST,62,201
1739582157468,POST,76,201
1739582157493,POST,55,201
1739582157491,POST,57,201
1739582157492,POST,56,201
1739582157485,POST,63,201
1739582157490,POST,61,201
1739582157490,POST,61,201
1739582157491,POST,60,201
1739582157485,POST,72,201
1739582157485,POST,77,201
1739582157495,POST,67,201
1739582157490,POST,73,201
1739582157490,POST,76,201
1739582157482,POST,84,201
1739582157482,POST,84,201
1739582157490,POST,81,201
1739582157489,POST,82,201
1739582157502,POST,69,201
1739582157505,POST,66,201
1739582157505,POST,66,201
1739582157506,POST,65,201
1739582157506,POST,67,201
1739582157505,POST,68,201
1739582157502,POST,71,201
1739582157490,POST,86,201
1739582157492,POST,84,201
1739582157527,POST,54,201
1739582157543,POST,42,201
1739582157521,POST,67,201
1739582157543,POST,45,201
1739582157544,POST,44,201
1739582157544,POST,45,201
1739582157540,POST,49,201
1739582157551,POST,53,201
1739582157551,POST,53,201
1739582157557,POST,47,201
1739582157548,POST,56,201
1739582157548,POST,56,201
1739582157551,POST,53,201
1739582157549,POST,55,201
1739582157549,POST,61,201
1739582157562,POST,61,201
1739582157573,POST,50,201
1739582157571,POST,53,201
1739582157566,POST,58,201
1739582157563,POST,61,201
1739582157566,POST,58,201
1739582157563,POST,61,201
1739582157566,POST,62,201
1739582157576,POST,52,201
1739582157576,POST,52,201
1739582157604,POST,24,201
1739582157571,POST,60,201
1739582157571,POST,64,201
1739582157571,POST,65,201
1739582157573,POST,62,201
1739582157573,POST,62,201
1739582157571,POST,64,201
1739582157571,POST,65,201
1739582157581,POST,62,201
1739582157588,POST,55,201
1739582157589,POST,54,201
1739582157588,POST,55,201
1739582157585,POST,64,201
1739582157588,POST,62,201
1739582157589,POST,66,201
1739582157604,POST,51,201
1739582157605,POST,50,201
1739582157610,POST,45,201
1739582157604,POST,51,201
1739582157604,POST,51,201
1739582157604,POST,51,201
1739582157604,POST,51,201
1739582157623,POST,50,201
1739582157624,POST,49,201
1739582157636,POST,47,201
1739582157623,POST,60,201
1739582157636,POST,47,201
1739582157628,POST,55,201
1739582157631,POST,52,201
1739582157628,POST,55,201
1739582157624,POST,59,201
1739582157625,POST,58,201
1739582157625,POST,62,201
1739582157625,POST,62,201
1739582157628,POST,59,201
1739582157643,POST,52,201
1739582157636,POST,59,201
1739582157643,POST,52,201
1739582157636,POST,59,201
1739582157643,POST,52,201
1739582157636,POST,59,201
1739582157643,POST,52,201
1739582157628,POST,67,201
1739582157636,POST,59,201
1739582157656,POST,57,201
1739582157649,POST,64,201
1739582157650,POST,63,201
1739582157655,POST,60,201
1739582157656,POST,59,201
1739582157655,POST,60,201
1739582157684,POST,52,201
1739582157683,POST,53,201
1739582157656,POST,80,201
1739582157655,POST,81,201
1739582157687,POST,53,201
1739582157687,POST,53,201
1739582157655,POST,85,201
1739582157655,POST,85,201
1739582157683,POST,57,201
1739582157684,POST,56,201
1739582157683,POST,57,201
1739582157673,POST,76,201
1739582157684,POST,68,201
1739582157683,POST,69,201
1739582157683,POST,70,201
1739582157673,POST,84,201
1739582157696,POST,80,201
1739582157696,POST,80,201
1739582157713,POST,63,201
1739582157696,POST,80,201
1739582157696,POST,80,201
1739582157687,POST,93,201
1739582157696,POST,84,201
1739582157696,POST,84,201
1739582157696,POST,84,201
1739582157696,POST,84,201
1739582157713,POST,78,201
1739582157720,POST,71,201
1739582157715,POST,79,201
1739582157741,POST,53,201
1739582157715,POST,79,201
1739582157740,POST,54,201
1739582157713,POST,81,201
1739582157740,POST,54,201
1739582157740,POST,58,201
1739582157750,POST,48,201
1739582157736,POST,62,201
1739582157736,POST,63,201
1739582157740,POST,60,201
1739582157736,POST,64,201
1739582157736,POST,65,201
1739582157741,POST,60,201
1739582157741,POST,60,201
1739582157695,POST,109,201
1739582157758,POST,56,201
1739582157752,POST,62,201
1739582157753,POST,61,201
1739582157753,POST,64,201
1739582157780,POST,52,201
1739582157777,POST,75,201
1739582157776,POST,76,201
1739582157780,POST,72,201
1739582157780,POST,73,201
1739582157799,POST,56,201
1739582157801,POST,56,201
1739582157799,POST,58,201
1739582157791,POST,66,201
1739582157791,POST,66,201
1739582157800,POST,57,201
1739582157776,POST,81,201
1739582157799,POST,59,201
1739582157794,POST,67,201
1739582157780,POST,81,201
1739582157794,POST,67,201
1739582157794,POST,67,201
1739582157780,POST,81,201
1739582157804,POST,57,201
1739582157777,POST,84,201
1739582157798,POST,63,201
1739582157794,POST,67,201
1739582157777,POST,89,201
1739582157800,POST,66,201
1739582157801,POST,65,201
1739582157794,POST,72,201
1739582157794,POST,72,201
1739582157815,POST,60,201
1739582157814,POST,61,201
1739582157817,POST,58,201
1739582157815,POST,62,201
1739582157801,POST,79,201
1739582157861,POST,24,201
1739582157852,POST,49,201
1739582157852,POST,49,201
1739582157832,POST,77,201
1739582157855,POST,55,201
1739582157858,POST,63,201
1739582157857,POST,70,201
1739582157852,POST,75,201
1739582157861,POST,66,201
1739582157861,POST,66,201
1739582157853,POST,74,201
1739582157861,POST,70,201
1739582157861,POST,70,201
1739582157861,POST,70,201
1739582157861,POST,70,201
1739582157858,POST,73,201
1739582157858,POST,73,201
1739582157857,POST,74,201
1739582157857,POST,74,201
1739582157861,POST,70,201
1739582157866,POST,65,201
1739582157858,POST,73,201
1739582157866,POST,75,201
1739582157875,POST,66,201
1739582157866,POST,81,201
1739582157861,POST,87,201
1739582157880,POST,68,201
1739582157877,POST,71,201
1739582157875,POST,73,201
1739582157885,POST,62,201
1739582157866,POST,82,201
1739582157866,POST,82,201
1739582157875,POST,73,201
1739582157931,POST,25,201
1739582157931,POST,41,201
1739582157911,POST,63,201
1739582157909,POST,65,201
1739582157902,POST,72,201
1739582157927,POST,51,201
1739582157921,POST,57,201
1739582157927,POST,51,201
1739582157902,POST,76,201
1739582157931,POST,61,201
1739582157931,POST,62,201
1739582157931,POST,62,201
1739582157927,POST,66,201
1739582157931,POST,63,201
1739582157927,POST,68,201
1739582157927,POST,68,201
1739582157931,POST,68,201
1739582157931,POST,70,201
1739582157942,POST,60,201
1739582157931,POST,70,201
1739582157948,POST,53,201
1739582157948,POST,64,201
1739582157931,POST,83,201
1739582157948,POST,66,201
1739582157948,POST,66,201
1739582157931,POST,83,201
1739582157942,POST,72,201
1739582157948,POST,86,201
1739582157948,POST,86,201
1739582157956,POST,78,201
1739582157948,POST,86,201
1739582157948,POST,86,201
1739582157948,POST,87,201
1739582157978,POST,72,201
1739582157975,POST,78,201
1739582157975,POST,78,201
1739582157972,POST,81,201
1739582157978,POST,75,201
1739582157975,POST,80,201
1739582157978,POST,77,201
1739582157978,POST,77,201
1739582158002,POST,70,201
1739582157995,POST,77,201
1739582157995,POST,78,201
1739582158014,POST,59,201
1739582157999,POST,74,201
1739582158014,POST,59,201
1739582158002,POST,74,201
1739582157992,POST,84,201
1739582158002,POST,74,201
1739582157994,POST,82,201
1739582158002,POST,74,201
1739582158014,POST,62,201
1739582157993,POST,84,201
1739582157993,POST,84,201
1739582157993,POST,84,201
1739582158034,POST,59,201
1739582158012,POST,92,201
1739582158014,POST,90,201
1739582158014,POST,90,201
1739582158034,POST,81,201
1739582158076,POST,39,201
1739582158035,POST,80,201
1739582158034,POST,81,201
1739582158034,POST,81,201
1739582158034,POST,82,201
1739582158050,POST,82,201
1739582158053,POST,82,201
1739582158053,POST,82,201
1739582158053,POST,82,201
1739582158055,POST,80,201
1739582158055,POST,80,201
1739582158053,POST,82,201
1739582158055,POST,80,201
1739582158115,POST,37,201
1739582158077,POST,76,201
1739582158072,POST,81,201
1739582158073,POST,80,201
1739582158072,POST,82,201
1739582158077,POST,77,201
1739582158104,POST,50,201
1739582158073,POST,86,201
1739582158076,POST,83,201
1739582158074,POST,85,201
1739582158104,POST,55,201
1739582158076,POST,83,201
1739582158073,POST,86,201
1739582158076,POST,83,201
1739582158077,POST,83,201
1739582158076,POST,84,201
1739582158076,POST,84,201
1739582158093,POST,79,201
1739582158104,POST,68,201
1739582158116,POST,61,201
1739582158116,POST,61,201
1739582158116,POST,63,201
1739582158115,POST,64,201
1739582158116,POST,63,201
1739582158135,POST,57,201
1739582158135,POST,57,201
1739582158132,POST,63,201
1739582158135,POST,62,201
1739582158135,POST,62,201
1739582158135,POST,62,201
1739582158135,POST,64,201
1739582158135,POST,77,201
1739582158152,POST,60,201
1739582158161,POST,51,201
1739582158160,POST,54,201
1739582158159,POST,55,201
1739582158154,POST,60,201
1739582158153,POST,61,201
1739582158154,POST,60,201
1739582158159,POST,55,201
1739582158159,POST,55,201
1739582158159,POST,55,201
1739582158154,POST,60,201
1739582158154,POST,61,201
1739582158153,POST,62,201
1739582158159,POST,57,201
1739582158160,POST,56,201
1739582158159,POST,58,201
1739582158159,POST,58,201
1739582158172,POST,59,201
1739582158172,POST,59,201
1739582158177,POST,62,201
1739582158180,POST,59,201
1739582158177,POST,64,201
1739582158179,POST,62,201
1739582158179,POST,62,201
1739582158192,POST,58,201
1739582158199,POST,51,201
1739582158212,POST,61,201
1739582158217,POST,57,201
1739582158198,POST,76,201
1739582158215,POST,59,201
1739582158213,POST,61,201
1739582158198,POST,79,201
1739582158214,POST,63,201
1739582158214,POST,63,201
1739582158215,POST,62,201
1739582158198,POST,79,201
1739582158214,POST,63,201
1739582158212,POST,65,201
1739582158214,POST,63,201
1739582158216,POST,61,201
1739582158196,POST,81,201
1739582158214,POST,67,201
1739582158214,POST,67,201
1739582158216,POST,65,201
1739582158214,POST,67,201
1739582158214,POST,67,201
1739582158192,POST,89,201
1739582158217,POST,64,201
1739582158214,POST,71,201
1739582158239,POST,57,201
1739582158231,POST,67,201
1739582158250,POST,48,201
1739582158231,POST,67,201
1739582158239,POST,59,201
1739582158241,POST,57,201
1739582158241,POST,57,201
1739582158241,POST,75,201
1739582158275,POST,57,201
1739582158250,POST,82,201
1739582158277,POST,75,201
1739582158277,POST,75,201
1739582158274,POST,78,201
1739582158277,POST,76,201
1739582158281,POST,72,201
1739582158277,POST,76,201
1739582158273,POST,80,201
1739582158281,POST,74,201
1739582158285,POST,70,201
1739582158274,POST,81,201
1739582158277,POST,79,201
1739582158281,POST,75,201
1739582158275,POST,80,201
1739582158277,POST,78,201
1739582158277,POST,80,201
1739582158281,POST,76,201
1739582158281,POST,77,201
1739582158281,POST,77,201
1739582158277,POST,81,201
1739582158277,POST,85,201
1739582158298,POST,64,201
1739582158277,POST,85,201
1739582158298,POST,64,201
1739582158298,POST,64,201
1739582158298,POST,64,201
1739582158298,POST,64,201
1739582158281,POST,81,201
1739582158296,POST,66,201
1739582158298,POST,64,201
1739582158317,POST,51,201
1739582158332,POST,45,201
1739582158332,POST,48,201
1739582158356,POST,56,201
1739582158356,POST,56,201
1739582158355,POST,57,201
1739582158353,POST,59,201
1739582158356,POST,57,201
1739582158353,POST,59,201
1739582158354,POST,59,201
1739582158356,POST,58,201
1739582158358,POST,60,201
1739582158358,POST,60,201
1739582158353,POST,65,201
1739582158352,POST,66,201
1739582158362,POST,56,201
1739582158352,POST,68,201
1739582158355,POST,65,201
1739582158352,POST,68,201
1739582158357,POST,63,201
1739582158356,POST,69,201
1739582158362,POST,69,201
1739582158362,POST,69,201
1739582158380,POST,51,201
1739582158362,POST,69,201
1739582158362,POST,78,201
1739582158368,POST,72,201
1739582158362,POST,78,201
1739582158362,POST,78,201
1739582158358,POST,82,201
1739582158362,POST,78,201
1739582158362,POST,78,201
1739582158357,POST,83,201
1739582158362,POST,78,201
1739582158377,POST,63,201
1739582158440,POST,34,201
1739582158413,POST,61,201
1739582158413,POST,61,201
1739582158413,POST,61,201
1739582158413,POST,61,201
1739582158413,POST,61,201
1739582158418,POST,78,201
1739582158425,POST,71,201
1739582158440,POST,59,201
1739582158420,POST,79,201
1739582158413,POST,86,201
1739582158420,POST,79,201
1739582158418,POST,81,201
1739582158418,POST,81,201
1739582158418,POST,81,201
1739582158413,POST,86,201
1739582158420,POST,83,201
1739582158440,POST,71,201
1739582158440,POST,71,201
1739582158440,POST,71,201
1739582158440,POST,76,201
1739582158440,POST,76,201
1739582158431,POST,85,201
1739582158440,POST,76,201
1739582158418,POST,98,201
1739582158414,POST,102,201
1739582158420,POST,96,201
1739582158440,POST,76,201
1739582158432,POST,84,201
1739582158432,POST,84,201
1739582158431,POST,85,201
1739582158440,POST,76,201
1739582158474,POST,62,201
1739582158474,POST,62,201
1739582158474,POST,65,201
1739582158474,POST,65,201
1739582158474,POST,81,201
1739582158474,POST,81,201
1739582158511,POST,62,201
1739582158517,POST,57,201
1739582158499,POST,75,201
1739582158496,POST,78,201
1739582158496,POST,78,201
1739582158499,POST,75,201
1739582158499,POST,75,201
1739582158503,POST,72,201
1739582158511,POST,64,201
1739582158499,POST,76,201
1739582158499,POST,76,201
1739582158511,POST,64,201
1739582158499,POST,76,201
1739582158499,POST,79,201
1739582158517,POST,61,201
1739582158499,POST,79,201
1739582158516,POST,64,201
1739582158516,POST,64,201
1739582158516,POST,64,201
1739582158517,POST,63,201
1739582158517,POST,63,201
1739582158517,POST,63,201
1739582158516,POST,64,201
1739582158517,POST,63,201
1739582158516,POST,64,201
1739582158537,POST,53,201
1739582158516,POST,75,201
1739582158536,POST,61,201
1739582158539,POST,58,201
1739582158539,POST,60,201
1739582158556,POST,51,201
1739582158555,POST,52,201
1739582158574,POST,124,201
1739582158578,POST,120,201
1739582158575,POST,123,201
1739582158578,POST,120,201
1739582158575,POST,124,201
1739582158580,POST,118,201
1739582158574,POST,124,201
1739582158575,POST,123,201
1739582158574,POST,124,201
1739582158574,POST,124,201
1739582158574,POST,124,201
1739582158575,POST,124,201
1739582158575,POST,124,201
1739582158575,POST,124,201
1739582158574,POST,125,201
1739582158580,POST,119,201
1739582158573,POST,126,201
1739582158580,POST,118,201
1739582158580,POST,136,201
1739582158580,POST,136,201
1739582158580,POST,138,201
1739582158578,POST,140,201
1739582158580,POST,141,201
1739582158591,POST,130,201
1739582158597,POST,124,201
1739582158580,POST,141,201
1739582158580,POST,141,201
1739582158599,POST,127,201
1739582158591,POST,135,201
1739582158597,POST,129,201
1739582158607,POST,129,201
1739582158607,POST,129,201
1739582158700,POST,46,201
1739582158699,POST,48,201
1739582158700,POST,49,201
1739582158700,POST,49,201
1739582158700,POST,49,201
1739582158698,POST,52,201
1739582158700,POST,52,201
1739582158699,POST,53,201
1739582158698,POST,54,201
1739582158700,POST,61,201
1739582158699,POST,62,201
1739582158699,POST,65,201
1739582158698,POST,66,201
1739582158699,POST,65,201
1739582158700,POST,64,201
1739582158699,POST,65,201
1739582158719,POST,45,201
1739582158716,POST,48,201
1739582158700,POST,64,201
1739582158719,POST,45,201
1739582158716,POST,52,201
1739582158721,POST,47,201
1739582158721,POST,47,201
1739582158699,POST,69,201
1739582158721,POST,48,201
1739582158722,POST,47,201
1739582158721,POST,53,201
1739582158736,POST,50,201
1739582158737,POST,49,201
1739582158726,POST,61,201
1739582158747,POST,55,201
1739582158746,POST,143,201
1739582158764,POST,125,201
1739582158764,POST,125,201
1739582158764,POST,125,201
1739582158764,POST,125,201
1739582158726,POST,163,201
1739582158752,POST,137,201
1739582158750,POST,139,201
1739582158752,POST,137,201
1739582158750,POST,139,201
1739582158749,POST,140,201
1739582158749,POST,140,201
1739582158752,POST,137,201
1739582158726,POST,163,201
1739582158764,POST,125,201
1739582158764,POST,125,201
1739582158764,POST,125,201
1739582158768,POST,141,201
1739582158764,POST,145,201
1739582158768,POST,141,201
1739582158768,POST,142,201
1739582158770,POST,140,201
1739582158761,POST,149,201
1739582158761,POST,149,201
1739582158774,POST,136,201
1739582158768,POST,145,201
1739582158770,POST,144,201
1739582158764,POST,150,201
1739582158786,POST,128,201
1739582158786,POST,129,201
1739582158787,POST,128,201
1739582158891,POST,142,201
1739582158909,POST,125,201
1739582158889,POST,146,201
1739582158911,POST,124,201
1739582158890,POST,143,201
1739582158889,POST,144,201
1739582158890,POST,143,201
1739582158890,POST,143,201
1739582158890,POST,143,201
1739582158890,POST,145,201
1739582158911,POST,124,201
1739582158910,POST,125,201
1739582158909,POST,126,201
1739582158911,POST,124,201
1739582158909,POST,126,201
1739582158891,POST,144,201
1739582158890,POST,145,201
1739582158890,POST,145,201
1739582158890,POST,145,201
1739582158889,POST,146,201
1739582158891,POST,144,201
1739582158889,POST,146,201
1739582158890,POST,144,201
1739582158889,POST,145,201
1739582158802,POST,232,201
1739582158916,POST,141,201
1739582158915,POST,144,201
1739582159034,POST,25,201
1739582158914,POST,145,201
1739582158914,POST,145,201
1739582158916,POST,143,201
1739582158914,POST,147,201
1739582158911,POST,151,201
1739582159036,POST,44,201
1739582159036,POST,44,201
1739582159037,POST,43,201
1739582159037,POST,43,201
1739582159036,POST,46,201
1739582159036,POST,46,201
1739582159037,POST,46,201
1739582159036,POST,48,201
1739582159035,POST,49,201
1739582159036,POST,47,201
1739582159038,POST,46,201
1739582159037,POST,47,201
1739582159037,POST,47,201
1739582159037,POST,48,201
1739582159037,POST,48,201
1739582159035,POST,53,201
1739582159038,POST,50,201
1739582159037,POST,51,201
1739582159036,POST,52,201
1739582159036,POST,52,201
1739582159037,POST,52,201
1739582159038,POST,51,201
1739582159036,POST,53,201
1739582159035,POST,54,201
1739582159057,POST,50,201
1739582159060,POST,47,201
1739582159062,POST,45,201
1739582159060,POST,50,201
1739582159060,POST,50,201
1739582159060,POST,52,201
1739582159062,POST,50,201
1739582159060,POST,56,201
1739582159081,POST,43,201
1739582159080,POST,44,201
1739582159081,POST,46,201
1739582159081,POST,46,201
1739582159084,POST,47,201
1739582159084,POST,48,201
1739582159085,POST,47,201
1739582159083,POST,49,201
1739582159089,POST,43,201
1739582159089,POST,43,201
1739582159086,POST,46,201
1739582159085,POST,49,201
1739582159083,POST,51,201
1739582159084,POST,51,201
1739582159089,POST,133,201
1739582159086,POST,137,201
1739582159089,POST,134,201
1739582159084,POST,139,201
1739582159089,POST,133,201
1739582159088,POST,136,201
1739582159090,POST,134,201
1739582159084,POST,140,201
1739582159108,POST,116,201
1739582159110,POST,115,201
1739582159089,POST,135,201
1739582159089,POST,135,201
1739582159108,POST,117,201
1739582159108,POST,116,201
1739582159127,POST,118,201
1739582159116,POST,129,201
1739582159124,POST,121,201
1739582159110,POST,138,201
1739582159131,POST,129,201
1739582159132,POST,131,201
1739582159134,POST,129,201
1739582159132,POST,131,201
1739582159135,POST,129,201
1739582159132,POST,131,201
1739582159112,POST,151,201
1739582159127,POST,136,201
1739582159132,POST,131,201
1739582159132,POST,132,201
1739582159134,POST,130,201
1739582159124,POST,139,201
1739582159112,POST,154,201
1739582159132,POST,138,201
1739582159223,POST,58,201
1739582159223,POST,58,201
1739582159223,POST,59,201
1739582159223,POST,60,201
1739582159224,POST,58,201
1739582159224,POST,59,201
1739582159226,POST,57,201
1739582159224,POST,62,201
1739582159226,POST,62,201
1739582159224,POST,64,201
1739582159226,POST,64,201
1739582159225,POST,65,201
1739582159225,POST,66,201
1739582159225,POST,66,201
1739582159245,POST,57,201
1739582159248,POST,56,201
1739582159261,POST,43,201
1739582159245,POST,63,201
1739582159264,POST,44,201
1739582159245,POST,63,201
1739582159265,POST,43,201
1739582159264,POST,49,201
1739582159263,POST,50,201
1739582159263,POST,50,201
1739582159265,POST,57,201
1739582159267,POST,55,201
1739582159265,POST,57,201
1739582159264,POST,58,201
1739582159265,POST,57,201
1739582159271,POST,51,201
1739582159264,POST,58,201
1739582159264,POST,58,201
1739582159283,POST,46,201
1739582159281,POST,48,201
1739582159283,POST,46,201
1739582159283,POST,46,201
1739582159283,POST,47,201
1739582159281,POST,49,201
1739582159282,POST,136,201
1739582159290,POST,128,201
1739582159288,POST,130,201
1739582159302,POST,116,201
1739582159291,POST,127,201
1739582159286,POST,132,201
1739582159288,POST,130,201
1739582159291,POST,127,201
1739582159290,POST,128,201
1739582159308,POST,111,201
1739582159308,POST,111,201
1739582159308,POST,111,201
1739582159304,POST,115,201
1739582159308,POST,111,201
1739582159304,POST,132,201
1739582159322,POST,117,201
1739582159322,POST,119,201
1739582159313,POST,129,201
1739582159322,POST,121,201
1739582159313,POST,129,201
1739582159322,POST,120,201
1739582159313,POST,132,201
1739582159322,POST,123,201
1739582159329,POST,116,201
1739582159322,POST,123,201
1739582159322,POST,123,201
1739582159329,POST,116,201
1739582159322,POST,125,201
1739582159329,POST,118,201
1739582159329,POST,118,201
1739582159330,POST,128,201
1739582159330,POST,130,201
1739582159419,POST,51,201
1739582159418,POST,52,201
1739582159419,POST,67,201
1739582159419,POST,67,201
1739582159419,POST,67,201
1739582159418,POST,68,201
1739582159419,POST,67,201
1739582159418,POST,68,201
1739582159418,POST,68,201
1739582159418,POST,68,201
1739582159419,POST,67,201
1739582159419,POST,68,201
1739582159419,POST,67,201
1739582159419,POST,67,201
1739582159437,POST,65,201
1739582159439,POST,63,201
1739582159443,POST,85,201
1739582159448,POST,80,201
1739582159445,POST,83,201
1739582159458,POST,70,201
1739582159443,POST,85,201
1739582159445,POST,83,201
1739582159443,POST,85,201
1739582159448,POST,80,201
1739582159445,POST,83,201
1739582159442,POST,90,201
1739582159446,POST,86,201
1739582159445,POST,87,201
1739582159446,POST,86,201
1739582159448,POST,84,201
1739582159443,POST,89,201
1739582159461,POST,158,201
1739582159488,POST,132,201
1739582159471,POST,148,201
1739582159486,POST,133,201
1739582159487,POST,134,201
1739582159488,POST,133,201
1739582159488,POST,133,201
1739582159488,POST,133,201
1739582159487,POST,132,201
1739582159471,POST,148,201
1739582159488,POST,134,201
1739582159486,POST,135,201
1739582159487,POST,134,201
1739582159487,POST,134,201
1739582159488,POST,133,201
1739582159503,POST,143,201
1739582159528,POST,118,201
1739582159528,POST,120,201
1739582159528,POST,120,201
1739582159528,POST,120,201
1739582159502,POST,146,201
1739582159534,POST,123,201
1739582159532,POST,125,201
1739582159533,POST,129,201
1739582159532,POST,132,201
1739582159533,POST,131,201
1739582159534,POST,130,201
1739582159533,POST,134,201
1739582159534,POST,133,201
1739582159620,POST,62,201
1739582159620,POST,62,201
1739582159532,POST,151,201
1739582159532,POST,151,201
1739582159533,POST,150,201
1739582159621,POST,63,201
1739582159622,POST,62,201
1739582159623,POST,61,201
1739582159624,POST,60,201
1739582159624,POST,60,201
1739582159621,POST,63,201
1739582159621,POST,64,201
1739582159624,POST,61,201
1739582159622,POST,63,201
1739582159621,POST,64,201
1739582159620,POST,65,201
1739582159622,POST,64,201
1739582159620,POST,66,201
1739582159647,POST,54,201
1739582159649,POST,54,201
1739582159646,POST,57,201
1739582159649,POST,75,201
1739582159657,POST,67,201
1739582159649,POST,75,201
1739582159657,POST,67,201
1739582159649,POST,75,201
1739582159664,POST,77,201
1739582159667,POST,74,201
1739582159664,POST,78,201
1739582159663,POST,79,201
1739582159664,POST,78,201
1739582159667,POST,75,201
1739582159686,POST,62,201
1739582159684,POST,64,201
1739582159683,POST,65,201
1739582159685,POST,63,201
1739582159684,POST,64,201
1739582159684,POST,64,201
1739582159684,POST,64,201
1739582159683,POST,78,201
1739582159686,POST,77,201
1739582159682,POST,81,201
1739582159686,POST,77,201
1739582159684,POST,79,201
1739582159685,POST,78,201
1739582159685,POST,78,201
1739582159684,POST,79,201
1739582159686,POST,77,201
1739582159682,POST,81,201
1739582159703,POST,63,201
1739582159701,POST,65,201
1739582159684,POST,84,201
1739582159703,POST,66,201
1739582159724,POST,56,201
1739582159724,POST,56,201
1739582159724,POST,56,201
1739582159741,POST,43,201
1739582159741,POST,43,201
1739582159724,POST,60,201
1739582159742,POST,45,201
1739582159724,POST,63,201
1739582159742,POST,46,201
1739582159742,POST,46,201
1739582159748,POST,52,201
1739582159748,POST,55,201
1739582159748,POST,55,201
1739582159748,POST,55,201
1739582159742,POST,61,201
1739582159748,POST,55,201
1739582159748,POST,55,201
1739582159748,POST,59,201
1739582159761,POST,47,201
1739582159763,POST,45,201
1739582159763,POST,45,201
1739582159763,POST,46,201
1739582159763,POST,46,201
1739582159763,POST,49,201
1739582159763,POST,49,201
1739582159763,POST,49,201
1739582159763,POST,49,201
1739582159763,POST,51,201
1739582159766,POST,55,201
1739582159766,POST,55,201
1739582159769,POST,56,201
1739582159780,POST,45,201
1739582159769,POST,56,201
1739582159780,POST,50,201
1739582159780,POST,50,201
1739582159787,POST,44,201
1739582159784,POST,48,201
1739582159784,POST,51,201
1739582159784,POST,54,201
1739582159787,POST,51,201
1739582159788,POST,50,201
1739582159788,POST,50,201
1739582159803,POST,47,201
1739582159803,POST,47,201
1739582159800,POST,50,201
1739582159803,POST,47,201
1739582159814,POST,48,201
1739582159807,POST,145,201
1739582159821,POST,131,201
1739582159809,POST,143,201
1739582159821,POST,131,201
1739582159825,POST,127,201
1739582159825,POST,127,201
1739582159812,POST,140,201
1739582159803,POST,149,201
1739582159809,POST,143,201
1739582159812,POST,140,201
1739582159803,POST,149,201
1739582159808,POST,144,201
1739582159812,POST,140,201
1739582159803,POST,149,201
1739582159812,POST,140,201
1739582159809,POST,143,201
1739582159809,POST,143,201
1739582159835,POST,135,201
1739582159830,POST,140,201
1739582159838,POST,132,201
1739582159833,POST,137,201
1739582159831,POST,139,201
1739582159825,POST,148,201
1739582159831,POST,142,201
1739582159850,POST,126,201
1739582159838,POST,141,201
1739582159850,POST,130,201
1739582159838,POST,141,201
1739582159850,POST,130,201
1739582159850,POST,141,201
1739582159838,POST,155,201
1739582159954,POST,57,201
1739582159954,POST,60,201
1739582159954,POST,60,201
1739582159953,POST,61,201
1739582159953,POST,61,201
1739582159954,POST,60,201
1739582159954,POST,60,201
1739582159862,POST,152,201
1739582159954,POST,61,201
1739582159971,POST,62,201
1739582159970,POST,63,201
1739582159954,POST,79,201
1739582159973,POST,61,201
1739582159954,POST,81,201
1739582159954,POST,79,201
1739582159953,POST,80,201
1739582159953,POST,82,201
1739582159953,POST,82,201
1739582159954,POST,81,201
1739582159953,POST,82,201
1739582159970,POST,65,201
1739582159970,POST,64,201
1739582159980,POST,54,201
1739582159970,POST,67,201
1739582159953,POST,84,201
1739582159980,POST,57,201
1739582159973,POST,64,201
1739582159980,POST,57,201
1739582159976,POST,75,201
1739582159980,POST,71,201
1739582159993,POST,150,201
1739582160012,POST,132,201
1739582160015,POST,129,201
1739582160015,POST,128,201
1739582159993,POST,150,201
1739582160014,POST,130,201
1739582160015,POST,129,201
1739582160014,POST,130,201
1739582160014,POST,130,201
1739582160014,POST,130,201
1739582160015,POST,129,201
1739582160035,POST,126,201
1739582160033,POST,130,201
1739582160036,POST,135,201
1739582160035,POST,139,201
1739582160038,POST,136,201
1739582160035,POST,139,201
1739582160037,POST,137,201
1739582160036,POST,138,201
1739582160035,POST,139,201
1739582160051,POST,123,201
1739582160034,POST,140,201
1739582160035,POST,139,201
1739582160037,POST,137,201
1739582160037,POST,137,201
1739582160035,POST,142,201
1739582160034,POST,143,201
1739582160035,POST,142,201
1739582160034,POST,143,201
1739582160037,POST,140,201
1739582160051,POST,140,201
1739582160145,POST,47,201
1739582160144,POST,48,201
1739582160145,POST,46,201
1739582160145,POST,46,201
1739582160035,POST,159,201
1739582160144,POST,69,201
1739582160145,POST,68,201
1739582160144,POST,76,201
1739582160144,POST,76,201
1739582160145,POST,86,201
1739582160145,POST,87,201
1739582160145,POST,87,201
1739582160163,POST,69,201
1739582160162,POST,70,201
1739582160175,POST,64,201
1739582160177,POST,63,201
1739582160171,POST,69,201
1739582160176,POST,66,201
1739582160178,POST,64,201
1739582160175,POST,67,201
1739582160177,POST,65,201
1739582160174,POST,68,201
1739582160175,POST,67,201
1739582160175,POST,67,201
1739582160177,POST,74,201
1739582160174,POST,78,201
1739582160176,POST,76,201
1739582160178,POST,77,201
1739582160176,POST,79,201
1739582160176,POST,79,201
1739582160193,POST,68,201
1739582160192,POST,69,201
1739582160175,POST,86,201
1739582160192,POST,83,201
1739582160195,POST,80,201
1739582160192,POST,83,201
1739582160213,POST,63,201
1739582160213,POST,63,201
1739582160192,POST,84,201
1739582160221,POST,70,201
1739582160221,POST,70,201
1739582160232,POST,59,201
1739582160233,POST,78,201
1739582160242,POST,69,201
1739582160240,POST,73,201
1739582160243,POST,71,201
1739582160240,POST,74,201
1739582160232,POST,82,201
1739582160240,POST,76,201
1739582160232,POST,84,201
1739582160243,POST,73,201
1739582160232,POST,84,201
1739582160243,POST,73,201
1739582160243,POST,73,201
1739582160242,POST,74,201
1739582160242,POST,74,201
1739582160255,POST,75,201
1739582160262,POST,69,201
1739582160262,POST,68,201
1739582160276,POST,56,201
1739582160275,POST,57,201
1739582160252,POST,82,201
1739582160255,POST,79,201
1739582160252,POST,82,201
1739582160262,POST,72,201
1739582160252,POST,82,201
1739582160275,POST,59,201
1739582160255,POST,79,201
1739582160275,POST,61,201
1739582160276,POST,60,201
1739582160276,POST,60,201
1739582160291,POST,72,201
1739582160312,POST,51,201
1739582160291,POST,72,201
1739582160313,POST,50,201
1739582160311,POST,53,201
1739582160291,POST,73,201
1739582160314,POST,68,201
1739582160317,POST,65,201
1739582160317,POST,65,201
1739582160317,POST,66,201
1739582160317,POST,66,201
1739582160317,POST,66,201
1739582160316,POST,67,201
1739582160335,POST,48,201
1739582160316,POST,67,201
1739582160314,POST,69,201
1739582160331,POST,52,201
1739582160331,POST,52,201
1739582160316,POST,67,201
1739582160315,POST,68,201
1739582160331,POST,148,201
1739582160335,POST,144,201
1739582160336,POST,143,201
1739582160336,POST,143,201
1739582160335,POST,144,201
1739582160335,POST,144,201
1739582160334,POST,146,201
1739582160336,POST,144,201
1739582160333,POST,147,201
1739582160333,POST,147,201
1739582160335,POST,145,201
1739582160335,POST,145,201
1739582160364,POST,141,201
1739582160363,POST,144,201
1739582160363,POST,160,201
1739582160384,POST,139,201
1739582160384,POST,139,201
1739582160383,POST,140,201
1739582160384,POST,139,201
1739582160383,POST,141,201
1739582160364,POST,159,201
1739582160363,POST,161,201
1739582160363,POST,161,201
1739582160383,POST,141,201
1739582160384,POST,143,201
1739582160384,POST,143,201
1739582160382,POST,145,201
1739582160383,POST,144,201
1739582160383,POST,146,201
1739582160382,POST,147,201
1739582160384,POST,157,201
1739582160383,POST,160,201
1739582160481,POST,62,201
1739582160482,POST,61,201
1739582160480,POST,64,201
1739582160481,POST,80,201
1739582160480,POST,84,201
1739582160508,POST,56,201
1739582160481,POST,83,201
1739582160506,POST,58,201
1739582160481,POST,83,201
1739582160482,POST,83,201
1739582160479,POST,86,201
1739582160482,POST,82,201
1739582160481,POST,84,201
1739582160481,POST,84,201
1739582160527,POST,141,201
1739582160527,POST,141,201
1739582160525,POST,144,201
1739582160523,POST,145,201
1739582160529,POST,139,201
1739582160527,POST,141,201
1739582160541,POST,127,201
1739582160525,POST,143,201
1739582160524,POST,144,201
1739582160523,POST,145,201
1739582160523,POST,145,201
1739582160525,POST,145,201
1739582160544,POST,126,201
1739582160524,POST,145,201
1739582160543,POST,126,201
1739582160543,POST,129,201
1739582160524,POST,145,201
1739582160527,POST,142,201
1739582160529,POST,140,201
1739582160525,POST,143,201
1739582160544,POST,128,201
1739582160564,POST,132,201
1739582160565,POST,132,201
1739582160561,POST,136,201
1739582160565,POST,132,201
1739582160565,POST,132,201
1739582160565,POST,132,201
1739582160564,POST,147,201
1739582160564,POST,148,201
1739582160565,POST,147,201
1739582160565,POST,147,201
1739582160565,POST,147,201
1739582160673,POST,59,201
1739582160673,POST,59,201
1739582160672,POST,60,201
1739582160670,POST,63,201
1739582160670,POST,63,201
1739582160668,POST,65,201
1739582160671,POST,62,201
1739582160672,POST,62,201
1739582160670,POST,64,201
1739582160671,POST,63,201
1739582160671,POST,79,201
1739582160670,POST,80,201
1739582160671,POST,81,201
1739582160671,POST,81,201
1739582160673,POST,80,201
1739582160697,POST,56,201
1739582160697,POST,56,201
1739582160673,POST,80,201
1739582160672,POST,81,201
1739582160672,POST,81,201
1739582160670,POST,83,201
1739582160671,POST,82,201
1739582160672,POST,81,201
1739582160697,POST,60,201
1739582160697,POST,60,201
1739582160697,POST,62,201
1739582160698,POST,62,201
1739582160713,POST,58,201
1739582160713,POST,62,201
1739582160713,POST,63,201
1739582160713,POST,63,201
1739582160712,POST,64,201
1739582160733,POST,44,201
1739582160735,POST,43,201
1739582160732,POST,45,201
1739582160734,POST,58,201
1739582160733,POST,59,201
1739582160735,POST,57,201
1739582160734,POST,58,201
1739582160733,POST,59,201
1739582160734,POST,58,201
1739582160732,POST,60,201
1739582160750,POST,61,201
1739582160753,POST,59,201
1739582160752,POST,60,201
1739582160752,POST,60,201
1739582160750,POST,61,201
1739582160754,POST,57,201
1739582160755,POST,56,201
1739582160754,POST,66,201
1739582160753,POST,68,201
1739582160760,POST,60,201
1739582160758,POST,62,201
1739582160759,POST,61,201
1739582160754,POST,67,201
1739582160754,POST,67,201
1739582160758,POST,63,201
1739582160755,POST,66,201
1739582160754,POST,67,201
1739582160776,POST,60,201
1739582160777,POST,59,201
1739582160771,POST,65,201
1739582160776,POST,61,201
1739582160778,POST,60,201
1739582160776,POST,62,201
1739582160778,POST,59,201
1739582160778,POST,59,201
1739582160792,POST,46,201
1739582160792,POST,55,201
1739582160793,POST,54,201
1739582160793,POST,54,201
1739582160793,POST,68,201
1739582160793,POST,71,201
1739582160792,POST,73,201
1739582160812,POST,53,201
1739582160813,POST,52,201
1739582160812,POST,53,201
1739582160812,POST,53,201
1739582160812,POST,53,201
1739582160812,POST,53,201
1739582160812,POST,56,201
1739582160821,POST,64,201
1739582160822,POST,63,201
1739582160837,POST,49,201
1739582160837,POST,49,201
1739582160821,POST,65,201
1739582160837,POST,49,201
1739582160822,POST,65,201
1739582160838,POST,62,201
1739582160821,POST,82,201
1739582160838,POST,65,201
1739582160821,POST,82,201
1739582160821,POST,82,201
1739582160822,POST,81,201
1739582160847,POST,56,201
1739582160838,POST,65,201
1739582160847,POST,56,201
1739582160820,POST,83,201
1739582160838,POST,65,201
1739582160838,POST,65,201
1739582160847,POST,56,201
1739582160838,POST,65,201
1739582160821,POST,82,201
1739582160862,POST,138,201
1739582160866,POST,545,201
1739582160868,POST,543,201
1739582160885,POST,528,201
1739582160865,POST,546,201
1739582160865,POST,546,201
1739582160903,POST,508,201
1739582160886,POST,527,201
1739582160900,POST,513,201
1739582160886,POST,527,201
1739582160886,POST,527,201
1739582160886,POST,527,201
1739582160865,POST,547,201
1739582160865,POST,547,201
1739582160866,POST,546,201
1739582160865,POST,547,201
1739582160866,POST,546,201
1739582160903,POST,528,201
1739582160903,POST,528,201
1739582160903,POST,528,201
1739582160903,POST,530,201
1739582160903,POST,530,201
1739582160903,POST,530,201
1739582160903,POST,532,201
1739582160903,POST,532,201
1739582160904,POST,533,201
1739582160904,POST,627,201
1739582161000,POST,532,201
1739582160904,POST,628,201
1739582160903,POST,628,201
1739582160903,POST,629,201
1739582161413,POST,142,201
1739582161413,POST,142,201
1739582161414,POST,141,201
1739582161414,POST,141,201
1739582161431,POST,124,201
1739582161413,POST,143,201
1739582161414,POST,144,201
1739582161414,POST,144,201
1739582161431,POST,127,201
1739582161431,POST,127,201
1739582161434,POST,124,201
1739582161414,POST,145,201
1739582161413,POST,145,201
1739582161413,POST,146,201
1739582161414,POST,145,201
1739582161414,POST,145,201
1739582161413,POST,146,201
1739582161433,POST,138,201
1739582161438,POST,133,201
1739582161411,POST,160,201
1739582161436,POST,135,201
1739582161434,POST,137,201
1739582161414,POST,159,201
1739582161435,POST,138,201
1739582161414,POST,159,201
1739582161531,POST,61,201
1739582161532,POST,60,201
1739582161532,POST,61,201
1739582161532,POST,83,201
1739582161533,POST,84,201
1739582161559,POST,72,201
1739582161556,POST,75,201
1739582161560,POST,71,201
1739582161559,POST,72,201
1739582161558,POST,74,201
1739582161560,POST,72,201
1739582161559,POST,73,201
1739582161559,POST,73,201
1739582161555,POST,77,201
1739582161556,POST,76,201
1739582161556,POST,77,201
1739582161556,POST,77,201
1739582161559,POST,74,201
1739582161555,POST,80,201
1739582161558,POST,77,201
1739582161560,POST,75,201
1739582161560,POST,75,201
1739582161574,POST,147,201
1739582161593,POST,129,201
1739582161574,POST,148,201
1739582161572,POST,149,201
1739582161573,POST,148,201
1739582161574,POST,147,201
1739582161572,POST,149,201
1739582161572,POST,149,201
1739582161572,POST,149,201
1739582161592,POST,130,201
1739582161593,POST,129,201
1739582161632,POST,121,201
1739582161632,POST,121,201
1739582161632,POST,121,201
1739582161617,POST,136,201
1739582161615,POST,138,201
1739582161632,POST,139,201
1739582161633,POST,138,201
1739582161632,POST,139,201
1739582161632,POST,139,201
1739582161634,POST,137,201
1739582161632,POST,139,201
1739582161635,POST,138,201
1739582161635,POST,138,201
1739582161632,POST,142,201
1739582161633,POST,141,201
1739582161632,POST,142,201
1739582161635,POST,157,201
1739582161635,POST,157,201
1739582161724,POST,69,201
1739582161724,POST,69,201
1739582161723,POST,70,201
1739582161722,POST,71,201
1739582161723,POST,71,201
1739582161723,POST,70,201
1739582161722,POST,72,201
1739582161724,POST,70,201
1739582161723,POST,71,201
1739582161722,POST,72,201
1739582161724,POST,70,201
1739582161632,POST,162,201
1739582161754,POST,79,201
1739582161772,POST,62,201
1739582161754,POST,80,201
1739582161754,POST,79,201
1739582161755,POST,79,201
1739582161754,POST,80,201
1739582161773,POST,79,201
1739582161772,POST,83,201
1739582161794,POST,62,201
1739582161772,POST,84,201
1739582161774,POST,82,201
1739582161773,POST,83,201
1739582161773,POST,83,201
1739582161774,POST,82,201
1739582161773,POST,83,201
1739582161772,POST,84,201
1739582161774,POST,81,201
1739582161793,POST,65,201
1739582161794,POST,65,201
1739582161793,POST,66,201
1739582161794,POST,65,201
1739582161793,POST,66,201
1739582161792,POST,67,201
1739582161794,POST,65,201
1739582161794,POST,65,201
1739582161794,POST,65,201
1739582161794,POST,65,201
1739582161792,POST,67,201
1739582161794,POST,65,201
1739582161794,POST,65,201
1739582161834,POST,59,201
1739582161835,POST,59,201
1739582161835,POST,59,201
1739582161834,POST,60,201
1739582161833,POST,61,201
1739582161834,POST,59,201
1739582161856,POST,56,201
1739582161857,POST,55,201
1739582161852,POST,60,201
1739582161856,POST,56,201
1739582161858,POST,54,201
1739582161856,POST,56,201
1739582161857,POST,56,201
1739582161859,POST,74,201
1739582161858,POST,76,201
1739582161860,POST,74,201
1739582161860,POST,74,201
1739582161860,POST,74,201
1739582161860,POST,74,201
1739582161859,POST,75,201
1739582161859,POST,76,201
1739582161857,POST,78,201
1739582161860,POST,74,201
1739582161859,POST,75,201
1739582161858,POST,78,201
1739582161860,POST,74,201
1739582161859,POST,78,201
1739582161859,POST,78,201
1739582161856,POST,81,201
1739582161857,POST,79,201
1739582160886,POST,1066,201
1739582161895,POST,61,201
1739582161894,POST,62,201
1739582161895,POST,63,201
1739582160887,POST,1071,201
1739582161896,POST,63,201
1739582161896,POST,63,201
1739582161895,POST,64,201
1739582161913,POST,139,201
1739582161935,POST,117,201
1739582161912,POST,140,201
1739582161913,POST,139,201
1739582161914,POST,138,201
1739582161913,POST,139,201
1739582161913,POST,139,201
1739582161935,POST,118,201
1739582161935,POST,118,201
1739582161934,POST,119,201
1739582161936,POST,117,201
1739582161914,POST,138,201
1739582161937,POST,139,201
1739582161959,POST,117,201
1739582161937,POST,139,201
1739582161937,POST,139,201
1739582161936,POST,142,201
1739582161956,POST,122,201
1739582161936,POST,159,201
1739582161936,POST,159,201
1739582161937,POST,158,201
1739582161956,POST,139,201
1739582161936,POST,159,201
1739582161953,POST,142,201
1739582161936,POST,159,201
1739582161936,POST,159,201
1739582161959,POST,137,201
1739582161959,POST,137,201
1739582161959,POST,137,201
1739582161959,POST,136,201
1739582161937,POST,158,201
1739582161937,POST,158,201
1739582162054,POST,46,201
1739582162055,POST,45,201
1739582162055,POST,45,201
1739582162055,POST,48,201
1739582162054,POST,49,201
1739582162055,POST,48,201
1739582162056,POST,49,201
1739582162054,POST,51,201
1739582162052,POST,65,201
1739582162055,POST,62,201
1739582162055,POST,74,201
1739582162055,POST,74,201
1739582162076,POST,54,201
1739582162077,POST,63,201
1739582162095,POST,45,201
1739582162100,POST,40,201
1739582162078,POST,63,201
1739582162077,POST,64,201
1739582162076,POST,65,201
1739582162078,POST,66,201
1739582162096,POST,64,201
1739582162095,POST,67,201
1739582162096,POST,66,201
1739582162096,POST,66,201
1739582162096,POST,66,201
1739582162096,POST,66,201
1739582162096,POST,66,201
1739582162096,POST,66,201
1739582162105,POST,57,201
1739582162095,POST,149,201
1739582162100,POST,144,201
1739582162100,POST,144,201
1739582162117,POST,127,201
1739582162095,POST,149,201
1739582162095,POST,149,201
1739582162096,POST,148,201
1739582162096,POST,148,201
1739582162117,POST,127,201
1739582162103,POST,141,201
1739582162103,POST,142,201
1739582162103,POST,142,201
1739582162105,POST,140,201
1739582162129,POST,139,201
1739582162130,POST,138,201
1739582162129,POST,139,201
1739582162144,POST,143,201
1739582162140,POST,147,201
1739582162141,POST,146,201
1739582162140,POST,147,201
1739582162140,POST,147,201
1739582162141,POST,147,201
1739582162141,POST,147,201
1739582162162,POST,140,201
1739582162162,POST,140,201
1739582162162,POST,140,201
1739582162162,POST,140,201
1739582162160,POST,142,201
1739582162162,POST,141,201
1739582162162,POST,141,201
1739582162162,POST,141,201
1739582162162,POST,141,201
1739582162245,POST,78,201
1739582162245,POST,78,201
1739582162245,POST,78,201
1739582162245,POST,78,201
1739582162245,POST,78,201
1739582162245,POST,78,201
1739582162245,POST,78,201
1739582162245,POST,81,201
1739582162245,POST,81,201
1739582162245,POST,81,201
1739582162245,POST,81,201
1739582162245,POST,81,201
1739582162244,POST,82,201
1739582162268,POST,76,201
1739582162268,POST,76,201
1739582162268,POST,76,201
1739582162288,POST,75,201
1739582162303,POST,60,201
1739582162288,POST,75,201
1739582162302,POST,61,201
1739582162287,POST,79,201
1739582162288,POST,78,201
1739582162287,POST,79,201
1739582162287,POST,79,201
1739582162287,POST,79,201
1739582162302,POST,78,201
1739582162303,POST,78,201
1739582162323,POST,59,201
1739582162302,POST,80,201
1739582162303,POST,79,201
1739582162302,POST,80,201
1739582162302,POST,80,201
1739582162326,POST,56,201
1739582162303,POST,79,201
1739582162323,POST,78,201
1739582162326,POST,76,201
1739582162326,POST,76,201
1739582162323,POST,80,201
1739582162323,POST,80,201
1739582162323,POST,80,201
1739582162323,POST,80,201
1739582162326,POST,79,201
1739582162323,POST,82,201
1739582162326,POST,79,201
1739582162326,POST,79,201
1739582162344,POST,77,201
1739582162344,POST,77,201
1739582162344,POST,79,201
1739582162363,POST,79,201
1739582162363,POST,79,201
1739582162366,POST,77,201
1739582162366,POST,77,201
1739582162363,POST,80,201
1739582162366,POST,77,201
1739582162366,POST,77,201
1739582162366,POST,77,201
1739582162363,POST,80,201
1739582162382,POST,78,201
1739582162382,POST,78,201
1739582162382,POST,78,201
1739582162381,POST,81,201
1739582162382,POST,80,201
1739582162382,POST,80,201
1739582162381,POST,81,201
1739582162382,POST,80,201
1739582162382,POST,80,201
1739582162405,POST,82,201
1739582162403,POST,85,201
1739582162405,POST,83,201
1739582162401,POST,175,201
1739582162405,POST,171,201
1739582162403,POST,173,201
1739582162423,POST,153,201
1739582162405,POST,171,201
1739582162403,POST,173,201
1739582162402,POST,174,201
1739582162403,POST,173,201
1739582162402,POST,174,201
1739582162421,POST,156,201
1739582162421,POST,156,201
1739582162443,POST,153,201
1739582162443,POST,153,201
1739582162443,POST,153,201
1739582162443,POST,173,201
1739582162443,POST,173,201
1739582162462,POST,155,201
1739582162462,POST,155,201
1739582162442,POST,175,201
1739582162462,POST,155,201
1739582162443,POST,173,201
1739582162461,POST,155,201
1739582162462,POST,154,201
1739582162461,POST,156,201
1739582162443,POST,174,201
1739582162443,POST,174,201
1739582162462,POST,155,201
1739582162462,POST,155,201
1739582162461,POST,156,201
1739582162487,POST,145,201
1739582162577,POST,62,201
1739582162577,POST,64,201
1739582162577,POST,64,201
1739582162578,POST,63,201
1739582162578,POST,63,201
1739582162577,POST,66,201
1739582162577,POST,66,201
1739582162578,POST,65,201
1739582162576,POST,67,201
1739582162577,POST,66,201
1739582162596,POST,64,201
1739582162596,POST,64,201
1739582162488,POST,174,201
1739582162596,POST,67,201
1739582162488,POST,175,201
1739582162578,POST,84,201
1739582162616,POST,47,201
1739582162619,POST,64,201
1739582162618,POST,152,201
1739582162618,POST,152,201
1739582162618,POST,152,201
1739582162617,POST,153,201
1739582162618,POST,152,201
1739582162617,POST,153,201
1739582162617,POST,154,201
1739582162617,POST,154,201
1739582162619,POST,152,201
1739582162633,POST,138,201
1739582162619,POST,152,201
1739582162617,POST,153,201
1739582162618,POST,152,201
1739582162619,POST,151,201
1739582162644,POST,148,201
1739582162643,POST,149,201
1739582162642,POST,150,201
1739582162639,POST,153,201
1739582162643,POST,159,201
1739582162663,POST,139,201
1739582162664,POST,138,201
1739582162663,POST,139,201
1739582162664,POST,138,201
1739582162642,POST,160,201
1739582162642,POST,161,201
1739582162661,POST,141,201
1739582162661,POST,141,201
1739582162644,POST,158,201
1739582162663,POST,141,201
1739582162644,POST,160,201
1739582162641,POST,164,201
1739582162773,POST,48,201
1739582162772,POST,49,201
1739582162772,POST,50,201
1739582162683,POST,142,201
1739582162771,POST,54,201
1739582162773,POST,52,201
1739582162773,POST,52,201
1739582162772,POST,53,201
1739582162770,POST,55,201
1739582162771,POST,54,201
1739582162772,POST,53,201
1739582162772,POST,55,201
1739582162773,POST,54,201
1739582162773,POST,54,201
1739582162772,POST,55,201
